{"1": {"Lt": [0.6813591206714757, 0.12230938316219442], "Kt": [1], "budget": 45, "Dt": [], "Ct": [], "arrived_time": 1, "deadline": 7}, "2": {"Lt": [0.2860286957713093, 0.08199393564939272], "Kt": [1], "budget": 52, "Dt": [], "Ct": [], "arrived_time": 1, "deadline": 7}, "3": {"Lt": [0.7907991068379335, 0.07368271677688998], "Kt": [1], "budget": 37, "Dt": [], "Ct": [], "arrived_time": 1, "deadline": 7}, "4": {"Lt": [0.7094192308813511, 0.5997196224605045], "Kt": [1], "budget": 65, "Dt": [], "Ct": [], "arrived_time": 1, "deadline": 7}, "5": {"Lt": [0.7401545685819761, 0.611290156607749], "Kt": [1], "budget": 10, "Dt": [], "Ct": [], "arrived_time": 1, "deadline": 7}, "6": {"Lt": [0.5546148406659861, 0.567425938991669], "Kt": [1], "budget": 66, "Dt": [], "Ct": [], "arrived_time": 1, "deadline": 7}, "7": {"Lt": [0.9283039645228883, 0.34686570468584466], "Kt": [1], "budget": 87, "Dt": [], "Ct": [], "arrived_time": 1, "deadline": 7}, "8": {"Lt": [0.8089481016340804, 0.9151941282204198], "Kt": [1], "budget": 80, "Dt": [], "Ct": [], "arrived_time": 1, "deadline": 7}, "9": {"Lt": [0.7969869794300539, 0.2942734097512626], "Kt": [1], "budget": 58, "Dt": [], "Ct": [], "arrived_time": 1, "deadline": 7}, "10": {"Lt": [0.2387648868807749, 0.38386830576721254], "Kt": [1], "budget": 74, "Dt": [], "Ct": [], "arrived_time": 1, "deadline": 7}, "11": {"Lt": [0.9333497199284329, 0.3463873345409404], "Kt": [1], "budget": 53, "Dt": [], "Ct": [], "arrived_time": 1, "deadline": 7}, "12": {"Lt": [0.5005976599292823, 0.06754006050706085], "Kt": [1], "budget": 54, "Dt": [], "Ct": [], "arrived_time": 1, "deadline": 7}, "13": {"Lt": [0.880917007682633, 0.885679018073372], "Kt": [1], "budget": 75, "Dt": [], "Ct": [], "arrived_time": 1, "deadline": 7}, "14": {"Lt": [0.46569041126433475, 0.6290301690904649], "Kt": [1], "budget": 31, "Dt": [], "Ct": [], "arrived_time": 1, "deadline": 7}, "15": {"Lt": [0.13394138680221224, 0.8866968771505015], "Kt": [1], "budget": 64, "Dt": [], "Ct": [], "arrived_time": 1, "deadline": 7}, "16": {"Lt": [0.1393530061382251, 0.37893949946454186], "Kt": [1], "budget": 100, "Dt": [], "Ct": [], "arrived_time": 1, "deadline": 7}, "17": {"Lt": [0.48866284042452335, 0.8682550935443951], "Kt": [1], "budget": 18, "Dt": [], "Ct": [], "arrived_time": 1, "deadline": 7}, "18": {"Lt": [0.6068870999170328, 0.8602953936474285], "Kt": [1], "budget": 41, "Dt": [], "Ct": [], "arrived_time": 1, "deadline": 7}, "19": {"Lt": [0.11253923876889638, 0.8034975280574195], "Kt": [1], "budget": 44, "Dt": [], "Ct": [], "arrived_time": 1, "deadline": 7}, "20": {"Lt": [0.7549532144345159, 0.04105249136454603], "Kt": [1], "budget": 8, "Dt": [], "Ct": [], "arrived_time": 1, "deadline": 7}, "21": {"Lt": [0.8771178704941978, 0.72708791562896], "Kt": [1], "budget": 71, "Dt": [], "Ct": [], "arrived_time": 1, "deadline": 7}, "22": {"Lt": [0.25519715259965203, 0.044564878656803475], "Kt": [1], "budget": 9, "Dt": [], "Ct": [], "arrived_time": 2, "deadline": 8}, "23": {"Lt": [0.883205552462315, 0.5314874215067547], "Kt": [1], "budget": 62, "Dt": [], "Ct": [], "arrived_time": 2, "deadline": 8}, "24": {"Lt": [0.15715059877532844, 0.9803289575987636], "Kt": [1], "budget": 47, "Dt": [], "Ct": [], "arrived_time": 2, "deadline": 8}, "25": {"Lt": [0.5981955469834199, 0.5584089710887968], "Kt": [1], "budget": 95, "Dt": [], "Ct": [], "arrived_time": 2, "deadline": 8}, "26": {"Lt": [0.8441645333565796, 0.8095096570681956], "Kt": [1], "budget": 22, "Dt": [], "Ct": [], "arrived_time": 2, "deadline": 8}, "27": {"Lt": [0.2957005886598856, 0.3369267817641828], "Kt": [1], "budget": 10, "Dt": [], "Ct": [], "arrived_time": 2, "deadline": 8}, "28": {"Lt": [0.42870672613474115, 0.9213698883576221], "Kt": [1], "budget": 94, "Dt": [], "Ct": [], "arrived_time": 2, "deadline": 8}, "29": {"Lt": [0.03196976753343583, 0.5213841435189569], "Kt": [1], "budget": 28, "Dt": [], "Ct": [], "arrived_time": 2, "deadline": 8}, "30": {"Lt": [0.06623031427155579, 0.8801958988627813], "Kt": [1], "budget": 27, "Dt": [], "Ct": [], "arrived_time": 2, "deadline": 8}, "31": {"Lt": [0.4037979147189479, 0.8062676074068861], "Kt": [1], "budget": 11, "Dt": [], "Ct": [], "arrived_time": 2, "deadline": 8}, "32": {"Lt": [0.6900785971916255, 0.21573580591724062], "Kt": [1], "budget": 42, "Dt": [], "Ct": [], "arrived_time": 2, "deadline": 8}, "33": {"Lt": [0.2773474251891649, 0.7827253769027599], "Kt": [1], "budget": 56, "Dt": [], "Ct": [], "arrived_time": 2, "deadline": 8}, "34": {"Lt": [0.8500494298700664, 0.9808425085049772], "Kt": [1], "budget": 73, "Dt": [], "Ct": [], "arrived_time": 2, "deadline": 8}, "35": {"Lt": [0.2598969677786085, 0.5934560013276391], "Kt": [1], "budget": 31, "Dt": [], "Ct": [], "arrived_time": 2, "deadline": 8}, "36": {"Lt": [0.8186673794692659, 0.9631391912923696], "Kt": [1], "budget": 63, "Dt": [], "Ct": [], "arrived_time": 2, "deadline": 8}, "37": {"Lt": [0.8363172890883869, 0.27115945303213496], "Kt": [1], "budget": 55, "Dt": [], "Ct": [], "arrived_time": 2, "deadline": 8}, "38": {"Lt": [0.17359656947548807, 0.7525169880110918], "Kt": [1], "budget": 18, "Dt": [], "Ct": [], "arrived_time": 2, "deadline": 8}, "39": {"Lt": [0.282051336254317, 0.364585858450563], "Kt": [1], "budget": 21, "Dt": [], "Ct": [], "arrived_time": 2, "deadline": 8}, "40": {"Lt": [0.2173290528768047, 0.5901131088018928], "Kt": [1], "budget": 39, "Dt": [], "Ct": [], "arrived_time": 2, "deadline": 8}, "41": {"Lt": [0.41420000107974975, 0.34320623938740125], "Kt": [1], "budget": 48, "Dt": [], "Ct": [], "arrived_time": 2, "deadline": 8}, "42": {"Lt": [0.3296643791154076, 0.6529779474859024], "Kt": [1], "budget": 59, "Dt": [], "Ct": [], "arrived_time": 2, "deadline": 8}, "43": {"Lt": [0.2960587890696029, 0.8246895456058592], "Kt": [1], "budget": 97, "Dt": [], "Ct": [], "arrived_time": 2, "deadline": 8}, "44": {"Lt": [0.777751363619627, 0.7064910334049646], "Kt": [1], "budget": 86, "Dt": [], "Ct": [], "arrived_time": 2, "deadline": 8}, "45": {"Lt": [0.2810900206195506, 0.7065215728358778], "Kt": [1], "budget": 20, "Dt": [], "Ct": [], "arrived_time": 2, "deadline": 8}, "46": {"Lt": [0.4118340656342001, 0.7181082883946177], "Kt": [1], "budget": 61, "Dt": [], "Ct": [], "arrived_time": 2, "deadline": 8}, "47": {"Lt": [0.07369523155030122, 0.6936847026049561], "Kt": [1], "budget": 24, "Dt": [], "Ct": [], "arrived_time": 2, "deadline": 8}, "48": {"Lt": [0.38514759225321793, 0.3766158729172381], "Kt": [1], "budget": 43, "Dt": [], "Ct": [], "arrived_time": 2, "deadline": 8}, "49": {"Lt": [0.7512074975344563, 0.3902907688252075], "Kt": [1], "budget": 88, "Dt": [], "Ct": [], "arrived_time": 2, "deadline": 8}, "50": {"Lt": [0.5517228564070055, 0.6286470540329299], "Kt": [1], "budget": 98, "Dt": [], "Ct": [], "arrived_time": 3, "deadline": 9}, "51": {"Lt": [0.4547673975893286, 0.40654206471048915], "Kt": [1], "budget": 59, "Dt": [], "Ct": [], "arrived_time": 3, "deadline": 9}, "52": {"Lt": [0.43143618642750425, 0.8866751315418075], "Kt": [1], "budget": 97, "Dt": [], "Ct": [], "arrived_time": 3, "deadline": 9}, "53": {"Lt": [0.6347596399793085, 0.026980567866007443], "Kt": [1], "budget": 76, "Dt": [], "Ct": [], "arrived_time": 3, "deadline": 9}, "54": {"Lt": [0.583976690796918, 0.17730090349551653], "Kt": [1], "budget": 48, "Dt": [], "Ct": [], "arrived_time": 3, "deadline": 9}, "55": {"Lt": [0.394434330338151, 0.5502536332299153], "Kt": [1], "budget": 61, "Dt": [], "Ct": [], "arrived_time": 3, "deadline": 9}, "56": {"Lt": [0.6306467426776701, 0.3610907991090393], "Kt": [1], "budget": 82, "Dt": [], "Ct": [], "arrived_time": 3, "deadline": 9}, "57": {"Lt": [0.49172235699839273, 0.41829306508484465], "Kt": [1], "budget": 4, "Dt": [], "Ct": [], "arrived_time": 3, "deadline": 9}, "58": {"Lt": [0.42925750840740784, 0.8437728702014807], "Kt": [1], "budget": 54, "Dt": [], "Ct": [], "arrived_time": 3, "deadline": 9}, "59": {"Lt": [0.43514903121967585, 0.2808201558835185], "Kt": [1], "budget": 1, "Dt": [], "Ct": [], "arrived_time": 3, "deadline": 9},