{"1": {"Lw": [0.07074098291791753, 0.3560131465166475], "Kw": [1], "arrived_time": 1, "deadline": 7, "score": 35.07798104601688}, "2": {"Lw": [0.37447464207051173, 0.8352953440318012], "Kw": [3], "arrived_time": 1, "deadline": 7, "score": 19.75308624802712}, "3": {"Lw": [0.9248461931059464, 0.809490705343237], "Kw": [3], "arrived_time": 1, "deadline": 7, "score": 56.642602171451834}, "4": {"Lw": [0.8315367793308375, 0.2302341682189235], "Kw": [2], "arrived_time": 1, "deadline": 7, "score": 42.49731524997374}, "5": {"Lw": [0.4479253417523644, 0.39520271590226497], "Kw": [3], "arrived_time": 1, "deadline": 7, "score": 72.29845742544667}, "6": {"Lw": [0.019309272251836318, 0.7107451189081652], "Kw": [2], "arrived_time": 1, "deadline": 7, "score": 96.22257912001542}, "7": {"Lw": [0.8360784591969709, 0.5187297593259771], "Kw": [3], "arrived_time": 2, "deadline": 8, "score": 15.914198649624353}, "8": {"Lw": [0.6453731907494774, 0.1717158716917544], "Kw": [3], "arrived_time": 2, "deadline": 8, "score": 77.8220942131953}, "9": {"Lw": [0.4109736015668173, 0.20114661637190945], "Kw": [2], "arrived_time": 3, "deadline": 9, "score": 75.01416549679703}, "10": {"Lw": [0.47682627877176387, 0.5944323489018849], "Kw": [2], "arrived_time": 3, "deadline": 9, "score": 22.855865909934792}}