{"1": {"Lw": [0.6521647271176427, 0.4540339982431474], "Kw": [3], "arrived_time": 1, "deadline": 7, "score": 4.386909442892733}, "2": {"Lw": [0.6530657690300044, 0.2799401736043763], "Kw": [3], "arrived_time": 1, "deadline": 7, "score": 62.83261781172988}, "3": {"Lw": [0.8016547640122352, 0.27840701304949544], "Kw": [1], "arrived_time": 1, "deadline": 7, "score": 67.00228898199127}, "4": {"Lw": [0.6760794706808021, 0.26923510382658133], "Kw": [3], "arrived_time": 1, "deadline": 7, "score": 23.056377571647605}, "5": {"Lw": [0.06418902929334225, 0.3032490806320245], "Kw": [1], "arrived_time": 1, "deadline": 7, "score": 89.41512999725731}, "6": {"Lw": [0.05030456541953732, 0.9356638615469621], "Kw": [1], "arrived_time": 1, "deadline": 7, "score": 19.402444603712514}, "7": {"Lw": [0.27155046434051333, 0.6932703542640262], "Kw": [3], "arrived_time": 1, "deadline": 7, "score": 23.418187495485277}, "8": {"Lw": [0.7552570708416706, 0.04881052967490862], "Kw": [3], "arrived_time": 1, "deadline": 7, "score": 18.511081166603628}, "9": {"Lw": [0.3329126183200939, 0.7447852680207433], "Kw": [2], "arrived_time": 1, "deadline": 7, "score": 18.317156268620813}, "10": {"Lw": [0.6817444982251091, 0.9892664567920822], "Kw": [3], "arrived_time": 1, "deadline": 7, "score": 50.478825859789126}, "11": {"Lw": [0.7806510099425114, 0.305928794174803], "Kw": [2], "arrived_time": 1, "deadline": 7, "score": 48.58012291110784}, "12": {"Lw": [0.3414716584133446, 0.6045638018705211], "Kw": [3], "arrived_time": 1, "deadline": 7, "score": 71.27012117002715}, "13": {"Lw": [0.36768197989686335, 0.09346405964241933], "Kw": [2], "arrived_time": 1, "deadline": 7, "score": 8.410153560935262}, "14": {"Lw": [0.05782873962321422, 0.4101102832116027], "Kw": [2], "arrived_time": 1, "deadline": 7, "score": 3.712296834413924}, "15": {"Lw": [0.923057326692743, 0.012026888803750024], "Kw": [1], "arrived_time": 1, "deadline": 7, "score": 40.688714030264045}, "16": {"Lw": [0.3391416943773181, 0.27575288319892866], "Kw": [3], "arrived_time": 1, "deadline": 7, "score": 4.641242407749688}, "17": {"Lw": [0.30310256297056315, 0.06413838171661013], "Kw": [3], "arrived_time": 1, "deadline": 7, "score": 85.06198389037597}, "18": {"Lw": [0.7471205958673452, 0.6251839917537366], "Kw": [2], "arrived_time": 1, "deadline": 7, "score": 56.96913364124165}, "19": {"Lw": [0.8621052505366332, 0.3134932658852718], "Kw": [2], "arrived_time": 1, "deadline": 7, "score": 80.87458488973759}, "20": {"Lw": [0.3518478338674489, 0.01472478998360427], "Kw": [3], "arrived_time": 1, "deadline": 7, "score": 18.431419632233514}, "21": {"Lw": [0.597281963644675, 0.1824223877042611], "Kw": [1], "arrived_time": 1, "deadline": 7, "score": 99.02390788200881}, "22": {"Lw": [0.8227675852475428, 0.7882564745873225], "Kw": [1], "arrived_time": 1, "deadline": 7, "score": 1.2844978287544708}, "23": {"Lw": [0.506975160151211, 0.13021305841286723], "Kw": [3], "arrived_time": 1, "deadline": 7, "score": 14.755544404685198}, "24": {"Lw": [0.5972149133673843, 0.656363622337906], "Kw": [3], "arrived_time": 2, "deadline": 8, "score": 50.41396454078414}, "25": {"Lw": [0.685743450266624, 0.3553019880308055], "Kw": [3], "arrived_time": 2, "deadline": 8, "score": 41.38477150553275}, "26": {"Lw": [0.38990771776356425, 0.11222709703867706], "Kw": [3], "arrived_time": 2, "deadline": 8, "score": 10.825652213701789}, "27": {"Lw": [0.015735867164504813, 0.39960800699957], "Kw": [2], "arrived_time": 2, "deadline": 8, "score": 62.08669992556682}, "28": {"Lw": [0.924119697096988, 0.9582389402062941], "Kw": [1], "arrived_time": 2, "deadline": 8, "score": 55.7125203978922}, "29": {"Lw": [0.9349709217544505, 0.0334215345034552], "Kw": [2], "arrived_time": 2, "deadline": 8, "score": 7.470742514524175}, "30": {"Lw": [0.029953559572829302, 0.4534134321751655], "Kw": [2], "arrived_time": 2, "deadline": 8, "score": 76.95226194666994}, "31": {"Lw": [0.3591470063818579, 0.47944811598815573], "Kw": [1], "arrived_time": 2, "deadline": 8, "score": 51.10100128531501}, "32": {"Lw": [0.1262601866934746, 0.45086505615024164], "Kw": [2], "arrived_time": 2, "deadline": 8, "score": 93.70487594375734}, "33": {"Lw": [0.9334013764916301, 0.35845030804258404], "Kw": [2], "arrived_time": 2, "deadline": 8, "score": 30.803832142200395}, "34": {"Lw": [0.9860441661589996, 0.5981409260480977], "Kw": [2], "arrived_time": 2, "deadline": 8, "score": 77.17702834788973}, "35": {"Lw": [0.5201816797981537, 0.8271253207366839], "Kw": [2], "arrived_time": 2, "deadline": 8, "score": 39.899631599365904}, "36": {"Lw": [0.4969931769542403, 0.6507387073265626], "Kw": [1], "arrived_time": 2, "deadline": 8, "score": 33.92305265199908}, "37": {"Lw": [0.3516381960815351, 0.3577248879020152], "Kw": [3], "arrived_time": 2, "deadline": 8, "score": 86.60142063382439}, "38": {"Lw": [0.6238351320912854, 0.15763781716779035], "Kw": [3], "arrived_time": 2, "deadline": 8, "score": 40.98036160884046}, "39": {"Lw": [0.36725845671782287, 0.07254401060792381], "Kw": [2], "arrived_time": 2, "deadline": 8, "score": 81.88012719859529}, "40": {"Lw": [0.8191360851445949, 0.807524872690917], "Kw": [3], "arrived_time": 2, "deadline": 8, "score": 80.84957930513916}, "41": {"Lw": [0.39647879361973914, 0.209601274096609], "Kw": [1], "arrived_time": 2, "deadline": 8, "score": 82.48589888755623}, "42": {"Lw": [0.10825482252727814, 0.39703264622418766], "Kw": [2], "arrived_time": 2, "deadline": 8, "score": 91.26875222140849}, "43": {"Lw": [0.3659468456349384, 0.2958548210681391], "Kw": [2], "arrived_time": 2, "deadline": 8, "score": 7.323907538385435}, "44": {"Lw": [0.5281224307829143, 0.26498694423188063], "Kw": [3], "arrived_time": 3, "deadline": 9, "score": 2.4084962401331946}, "45": {"Lw": [0.07889355380843532, 0.23233119517722656], "Kw": [2], "arrived_time": 3, "deadline": 9, "score": 79.10211599960985}, "46": {"Lw": [0.30027366546370615, 0.9276765478773374], "Kw": [2], "arrived_time": 3, "deadline": 9, "score": 92.86193137949445}, "47": {"Lw": [0.7820735386793115, 0.12437043557072047], "Kw": [3], "arrived_time": 3, "deadline": 9, "score": 37.67528326377152}, "48": {"Lw": [0.578754694581302, 0.41212937356675716], "Kw": [3], "arrived_time": 3, "deadline": 9, "score": 49.401385452481705}, "49": {"Lw": [0.4842129929700092, 0.3846921168752868], "Kw": [2], "arrived_time": 3, "deadline": 9, "score": 61.75201970281319}, "50": {"Lw": [0.07098011157535888, 0.8184909828728654], "Kw": [3], "arrived_time": 3, "deadline": 9, "score": 33.240989745424706}, "51": {"Lw": [0.29440928276636114, 0.9487673777956054], "Kw": [1], "arrived_time": 3, "deadline": 9, "score": 62.15108254129681}, "52": {"Lw": [0.06833820974660743, 0.4685550809768272], "Kw": [3], "arrived_time": 3, "deadline": 9, "score": 20.95467186376223}, "53": {"Lw": [0.6574004511149157, 0.7410259068114354], "Kw": [1], "arrived_time": 3, "deadline": 9, "score": 36.53276781913359}, "54": {"Lw": [0.5442854249779013, 0.4080843986953684], "Kw": [3], "arrived_time": 3, "deadline": 9, "score": 39.261788376757174}, "55": {"Lw": [0.7767581253035366, 0.4526704470257248], "Kw": [3], "arrived_time": 3, "deadline": 9, "score": 33.93446159353619}, "56": {"Lw": [0.2946401922643396, 0.5283034788861252], "Kw": [3], "arrived_time": 3, "deadline": 9, "score": 8.23621514200617}, "57": {"Lw": [0.32829525773394197, 0.6916521951042512], "Kw": [1], "arrived_time": 4, "deadline": 10, "score": 40.18044787639732}, "58": {"Lw": [0.6051810786441142, 0.4443222783409323], "Kw": [2], "arrived_time": 4, "deadline": 10, "score": 90.94615495099156}, "59": {"Lw": [0.3899601855900171, 0.35477978418351175], "Kw": [1], "arrived_time": 4, "deadline": 10, "score": 89.93063109729732}, "60": {"Lw": [0.7775398299531919, 0.9445477891142474], "Kw": [3], "arrived_time": 4, "deadline": 10, "score": 26.837951090854546}, "61": {"Lw": [0.7598141164484012, 0.9334893520414154], "Kw": [1], "arrived_time": 4, "deadline": 10, "score": 37.13612160195535}, "62": {"Lw": [0.689734673841642, 0.7705507397301418], "Kw": [3], "arrived_time": 4,