{"1": {"Lw": [4.474471, 3.801538], "Kw": [3], "arrived_time": 0, "deadline": 6, "score": 88.168}, "2": {"Lw": [4.240852, 1.916105], "Kw": [1], "arrived_time": 0, "deadline": 6, "score": 85.0368}, "3": {"Lw": [2.290872, 3.484298], "Kw": [2], "arrived_time": 0, "deadline": 6, "score": 80.1538}, "4": {"Lw": [3.426008, 1.605426], "Kw": [3], "arrived_time": 0, "deadline": 6, "score": 43.5163}, "5": {"Lw": [4.687185, 4.54741], "Kw": [3], "arrived_time": 0, "deadline": 6, "score": 52.180499999999995}, "6": {"Lw": [0.240486, 4.833979], "Kw": [3], "arrived_time": 0, "deadline": 6, "score": 25.147399999999998}, "7": {"Lw": [1.175573, 1.611225], "Kw": [3], "arrived_time": 0, "deadline": 6, "score": 87.0022}, "8": {"Lw": [2.907041, 3.575091], "Kw": [2], "arrived_time": 0, "deadline": 6, "score": 48.9792}, "9": {"Lw": [2.956481, 4.316538], "Kw": [1], "arrived_time": 0, "deadline": 6, "score": 50.950700000000005}, "10": {"Lw": [1.933805, 1.856594], "Kw": [3], "arrived_time": 0, "deadline": 6, "score": 31.186999999999998}, "11": {"Lw": [3.734245, 3.603473], "Kw": [2], "arrived_time": 0, "deadline": 6, "score": 76.25659999999999}, "12": {"Lw": [4.459059, 1.300394], "Kw": [3], "arrived_time": 0, "deadline": 6, "score": 20.3041}, "13": {"Lw": [0.194098, 2.60857], "Kw": [2], "arrived_time": 0, "deadline": 6, "score": 46.3912}, "14": {"Lw": [0.965758, 2.775506], "Kw": [1], "arrived_time": 0, "deadline": 6, "score": 44.682100000000005}, "15": {"Lw": [2.072817, 1.466872], "Kw": [1], "arrived_time": 0, "deadline": 6, "score": 98.7548}, "16": {"Lw": [2.079684, 3.024537], "Kw": [3], "arrived_time": 0, "deadline": 6, "score": 70.00030000000001}, "17": {"Lw": [0.541551, 0.74633], "Kw": [2], "arrived_time": 0, "deadline": 6, "score": 91.6227}, "18": {"Lw": [0.601215, 0.430769], "Kw": [3], "arrived_time": 0, "deadline": 6, "score": 76.7479}, "19": {"Lw": [1.88345, 4.277169], "Kw": [1], "arrived_time": 0, "deadline": 6, "score": 33.5247}, "20": {"Lw": [1.733909, 4.742424], "Kw": [2], "arrived_time": 0, "deadline": 6, "score": 72.23429999999999}, "21": {"Lw": [1.513718, 3.560289], "Kw": [2], "arrived_time": 0, "deadline": 6, "score": 53.2945}, "22": {"Lw": [4.294565, 1.275369], "Kw": [2], "arrived_time": 0, "deadline": 6, "score": 70.0247}, "23": {"Lw": [1.986602, 4.958495], "Kw": [1], "arrived_time": 1, "deadline": 7, "score": 88.3511}, "24": {"Lw": [2.761773, 3.107395], "Kw": [1], "arrived_time": 1, "deadline": 7, "score": 58.8672}, "25": {"Lw": [0.245979, 3.508103], "Kw": [1], "arrived_time": 1, "deadline": 7, "score": 17.447599999999998}, "26": {"Lw": [4.965209, 3.13242], "Kw": [3], "arrived_time": 1, "deadline": 7, "score": 43.229600000000005}, "27": {"Lw": [4.969634, 3.696402], "Kw": [2], "arrived_time": 1, "deadline": 7, "score": 87.8201}, "28": {"Lw": [4.911039, 4.24604], "Kw": [3], "arrived_time": 1, "deadline": 7, "score": 35.954}, "29": {"Lw": [2.072817, 4.296396], "Kw": [3], "arrived_time": 1, "deadline": 7, "score": 40.116600000000005}, "30": {"Lw": [1.60268, 1.706442], "Kw": [1], "arrived_time": 1, "deadline": 7, "score": 60.4846}, "31": {"Lw": [3.665883, 4.916227], "Kw": [3], "arrived_time": 1, "deadline": 7, "score": 65.45299999999999}, "32": {"Lw": [1.114078, 3.157598], "Kw": [1], "arrived_time": 1, "deadline": 7, "score": 20.5238}, "33": {"Lw": [1.50502, 1.390271], "Kw": [3], "arrived_time": 1, "deadline": 7, "score": 96.4049}, "34": {"Lw": [1.802728, 4.756462], "Kw": [2], "arrived_time": 1, "deadline": 7, "score": 46.461400000000005}, "35": {"Lw": [2.528153, 0.22187], "Kw": [2], "arrived_time": 1, "deadline": 7, "score": 53.7126}, "36": {"Lw": [4.32844, 1.612445], "Kw": [2], "arrived_time": 1, "deadline": 7, "score": 93.881}, "37": {"Lw": [2.356181, 4.688253], "Kw": [3], "arrived_time": 1, "deadline": 7, "score": 47.184799999999996}, "38": {"Lw": [0.035707, 2.828303], "Kw": [3], "arrived_time": 2, "deadline": 8, "score": 100.0}, "39": {"Lw": [0.457625, 0.727409], "Kw": [3], "arrived_time": 2, "deadline": 8, "score": 76.2322}, "40": {"Lw": [0.07767, 2.97998], "Kw": [1], "arrived_time": 2, "deadline": 8, "score": 41.142}, "41": {"Lw": [4.531083, 3.755608], "Kw": [2], "arrived_time": 2, "deadline": 8, "score": 23.191100000000002}, "42": {"Lw": [0.536821, 0.942412], "Kw": [1], "arrived_time": 2, "deadline": 8, "score": 91.0611}, "43": {"Lw": [0.21073, 3.244575], "Kw": [2], "arrived_time": 2, "deadline": 8, "score": 75.5669}, "44": {"Lw": [1.033509, 3.791314], "Kw": [2], "arrived_time": 2, "deadline": 8, "score": 97.1068}, "45": {"Lw": [3.183386, 4.955596], "Kw": [1], "arrived_time": 2, "deadline": 8, "score": 59.7217}, "46": {"Lw": [0.007172, 4.066897], "Kw": [2], "arrived_time": 2, "deadline": 8, "score": 70.3116}, "47": {"Lw": [3.489486, 2.355419], "Kw": [2], "arrived_time": 2, "deadline": 8, "score": 49.1044}, "48": {"Lw": [4.899442, 1.540574], "Kw": [2], "arrived_time": 2, "deadline": 8, "score": 73.7205}, "49": {"Lw": [2.589801, 2.977081], "Kw": [1], "arrived_time": 2, "deadline": 8, "score": 38.249}, "50": {"Lw": [0.905332, 0.99414], "Kw": [2], "arrived_time": 2, "deadline": 8, "score": 69.80499999999999}, "51": {"Lw": [1.477096, 1.804254], "Kw": [2], "arrived_time": 2, "deadline": 8, "score": 59.2914}, "52": {"Lw": [4.013489, 2.640767], "Kw": [1], "arrived_time": 2, "deadline": 8, "score": 52.98009999999999}, "53": {"Lw": [1.832789, 3.588977], "Kw": [3], "arrived_time": 3, "deadline": 9, "score": 87.1151}, "54": {"Lw": [2.916654, 0.209357], "Kw": [2], "arrived_time": 3, "deadline": 9, "score": 87.7224}, "55": {"Lw": [0.645009, 2.540513], "Kw": [3], "arrived_time": 3, "deadline": 9, "score": 57.7349}, "56": {"Lw": [0.043336, 3.762627], "Kw": [3], "arrived_time": 3, "deadline": 9, "score": 12.543199999999999}, "57": {"Lw": [3.864711, 4.365062], "Kw": [1], "arrived_time": 3, "deadline": 9, "score": 86.2758}, "58": {"Lw": [1.512345, 4.920041], "Kw": [2], "arrived_time": 3, "deadline": 9, "score": 69.863}, "59": {"Lw": [4.251534, 3.798944], "Kw": [2], "arrived_time": 3, "deadline": 9, "score": 39.610099999999996}, "60": {"Lw": [1.068911, 3.618732], "Kw": [3], "arrived_time": 3, "deadline": 9, "score": 41.959999999999994}, "61": {"Lw": [2.938322, 4.848323], "Kw": [1], "arrived_time": 3, "deadline": 9, "score": 35.1758}, "62": {"Lw": [1.262551, 3.743248], "Kw": [3], "arrived_time": 3, "deadline": 9, "score": 99.9023}, "63": {"Lw": [2.335734, 3.001343], "Kw": [3], "arrived_time": 3, "deadline": 9, "score": 43.8461}, "64": {"Lw": [2.824641, 4.027985], "Kw": [1], "arrived_time": 3, "deadline": 9, "score": 73.3543}, "65": {"Lw": [3.104648, 3.916135], "Kw": [3], "arrived_time": 3, "deadline": 9, "score": 59.563}, "66": {"Lw": [0.531327, 1.918394], "Kw": [1], "arrived_time": 3, "deadline": 9, "score": 66.9179}, "67": {"Lw": [4.700003, 0.984985], "Kw": [2], "arrived_time": 3, "deadline": 9, "score": 18.4669}, "68": {"Lw": [0.487533, 1.856136], "Kw": [2], "arrived_time": 3, "deadline": 9, "score": 45.8907}, "69": {"Lw": [1.78518, 1.918394], "Kw": [1], "arrived_time": 3, "deadline": 9, "score": 39.7841}, "70": {"Lw": [3.268227, 1.989502], "Kw": [2], "arrived_time": 4, "deadline": 10, "score": 43.0648}, "71": {"Lw": [2.391125, 3.374889], "Kw": [3], "arrived_time": 4, "deadline": 10, "score": 99.53}, "72": {"Lw": [3.575243, 0.091708], "Kw": [2], "arrived_time": 4, "deadline": 10, "score": 42.3354}, "73": {"Lw": [3.881497, 3.280435], "Kw": [1], "arrived_time": 4, "deadline": 10, "score": 49.501}, "74": {"Lw": [0.774102, 1.042512], "Kw": [1], "arrived_time": 4, "deadline": 10, "score": 77.12639999999999}, "75": {"Lw": [2.686697, 0.693228], "Kw": [3], "arrived_time": 4, "deadline": 10, "score": 19.040599999999998}, "76": {"Lw": [0.27604, 0.338755], "Kw": [1], "arrived_time": 4, "deadline": 10, "score": 99.9847}, "77": {"Lw": [4.528794, 1.775109], "Kw": [1], "arrived_time": 4, "deadline": 10, "score": 94.2534}, "78": {"Lw": [4.512314, 1.148717], "Kw": [3], "arrived_time": 4, "deadline": 10, "score": 26.7679}, "79": {"Lw": [4.820399, 1.918088], "Kw": [2], "arrived_time": 4,