{"1": {"Lt": [0.7219291983736864, 0.7928357781094801], "Kt": [1], "budget": 36, "Dt": [], "Ct": [], "arrived_time": 1, "deadline": 7}, "2": {"Lt": [0.4698788227249805, 0.3631589122735819], "Kt": [1], "budget": 28, "Dt": [], "Ct": [], "arrived_time": 1, "deadline": 7}, "3": {"Lt": [0.11732206247400079, 0.9233467122460453], "Kt": [1], "budget": 78, "Dt": [], "Ct": [], "arrived_time": 1, "deadline": 7}, "4": {"Lt": [0.3047767571880027, 0.35683058852451743], "Kt": [1], "budget": 70, "Dt": [], "Ct": [], "arrived_time": 1, "deadline": 7}, "5": {"Lt": [0.30394015772616845, 0.8594143138854965], "Kt": [1], "budget": 5, "Dt": [], "Ct": [], "arrived_time": 1, "deadline": 7}, "6": {"Lt": [0.9485378901399881, 0.7841813228333565], "Kt": [1], "budget": 55, "Dt": [], "Ct": [], "arrived_time": 1, "deadline": 7}, "7": {"Lt": [0.7321853950276173, 0.7791796708410164], "Kt": [1], "budget": 74, "Dt": [], "Ct": [], "arrived_time": 1, "deadline": 7}, "8": {"Lt": [0.3032554434976291, 0.9757858887029411], "Kt": [1], "budget": 45, "Dt": [], "Ct": [], "arrived_time": 1, "deadline": 7}, "9": {"Lt": [0.149827897407943, 0.830817599160292], "Kt": [1], "budget": 65, "Dt": [], "Ct": [], "arrived_time": 1, "deadline": 7}, "10": {"Lt": [0.3944691630266566, 0.21981255891675322], "Kt": [1], "budget": 58, "Dt": [], "Ct": [], "arrived_time": 1, "deadline": 7}, "11": {"Lt": [0.01794231945769409, 0.5407874129842375], "Kt": [1], "budget": 4, "Dt": [], "Ct": [], "arrived_time": 1, "deadline": 7}, "12": {"Lt": [0.33310386765332534, 0.38459099335509095], "Kt": [1], "budget": 38, "Dt": [], "Ct": [], "arrived_time": 1, "deadline": 7}, "13": {"Lt": [0.5587899818788012, 0.6578303676816337], "Kt": [1], "budget": 24, "Dt": [], "Ct": [], "arrived_time": 1, "deadline": 7}, "14": {"Lt": [0.945230796283621, 0.8060828063492071], "Kt": [1], "budget": 59, "Dt": [], "Ct": [], "arrived_time": 1, "deadline": 7}, "15": {"Lt": [0.40307646711352063, 0.7628977310570234], "Kt": [1], "budget": 20, "Dt": [], "Ct": [], "arrived_time": 1, "deadline": 7}, "16": {"Lt": [0.4435272959351406, 0.5587868586462885], "Kt": [1], "budget": 56, "Dt": [], "Ct": [], "arrived_time": 1, "deadline": 7}, "17": {"Lt": [0.6095299899731756, 0.3447303611516409], "Kt": [1], "budget": 24, "Dt": [], "Ct": [], "arrived_time": 1, "deadline": 7}, "18": {"Lt": [0.07234324454079011, 0.28651751032715156], "Kt": [1], "budget": 40, "Dt": [], "Ct": [], "arrived_time": 1, "deadline": 7}, "19": {"Lt": [0.8638483380931573, 0.3435455560515789], "Kt": [1], "budget": 83, "Dt": [], "Ct": [], "arrived_time": 1, "deadline": 7}, "20": {"Lt": [0.6354372502385304, 0.17971779172043545], "Kt": [1], "budget": 34, "Dt": [], "Ct": [], "arrived_time": 1, "deadline": 7}, "21": {"Lt": [0.7105686234903628, 0.8065639938806571], "Kt": [1], "budget": 79, "Dt": [], "Ct": [], "arrived_time": 1, "deadline": 7}, "22": {"Lt": [0.6628301770728237, 0.8368057713087297], "Kt": [1], "budget": 48, "Dt": [], "Ct": [], "arrived_time": 1, "deadline": 7}, "23": {"Lt": [0.047970306621644254, 0.2902091812376887], "Kt": [1], "budget": 77, "Dt": [], "Ct": [], "arrived_time": 1, "deadline": 7}, "24": {"Lt": [0.5004392461008736, 0.7858329448892487], "Kt": [1], "budget": 53, "Dt": [], "Ct": [], "arrived_time": 1, "deadline": 7}, "25": {"Lt": [0.7586060704210293, 0.6491548845879409], "Kt": [1], "budget": 100, "Dt": [], "Ct": [], "arrived_time": 1, "deadline": 7}, "26": {"Lt": [0.2960963922247216, 0.5008196367367713], "Kt": [1], "budget": 7, "Dt": [], "Ct": [], "arrived_time": 1, "deadline": 7}, "27": {"Lt": [0.8862006420561727, 0.990089606964174], "Kt": [1], "budget": 53, "Dt": [], "Ct": [], "arrived_time": 1, "deadline": 7}, "28": {"Lt": [0.27451929219635807, 0.21473623044391577], "Kt": [1], "budget": 24, "Dt": [], "Ct": [], "arrived_time": 1, "deadline": 7}, "29": {"Lt": [0.8924913138001088, 0.4407462007244767], "Kt": [1], "budget": 47, "Dt": [], "Ct": [], "arrived_time": 1, "deadline": 7}, "30": {"Lt": [0.751753340809386, 0.7788921056076031], "Kt": [1], "budget": 62, "Dt": [], "Ct": [], "arrived_time": 1, "deadline": 7}, "31": {"Lt": [0.028765234694407282, 0.649937535429125], "Kt": [1], "budget": 85, "Dt": [], "Ct": [], "arrived_time": 1, "deadline": 7}, "32": {"Lt": [0.25173313354724947, 0.7476696425193735], "Kt": [1], "budget": 42, "Dt": [], "Ct": [], "arrived_time": 2, "deadline": 8}, "33": {"Lt": [0.2952406108780431, 0.5448256845226495], "Kt": [1], "budget": 86, "Dt": [], "Ct": [], "arrived_time": 2, "deadline": 8}, "34": {"Lt": [0.2933962063686527, 0.11348472526946773], "Kt": [1], "budget": 21, "Dt": [], "Ct": [], "arrived_time": 2, "deadline": 8}, "35": {"Lt": [0.8711100806877982, 0.845140845444941], "Kt": [1], "budget": 68, "Dt": [], "Ct": [], "arrived_time": 2, "deadline": 8}, "36": {"Lt": [0.5577910192145799, 0.3705241708099174], "Kt": [1], "budget": 92, "Dt": [], "Ct": [], "arrived_time": 2, "deadline": 8}, "37": {"Lt": [0.24367633134108047, 0.0075613297284869985], "Kt": [1], "budget": 45, "Dt": [], "Ct": [], "arrived_time": 2, "deadline": 8}, "38": {"Lt": [0.734985445363854, 0.8302885905782266], "Kt": [1], "budget": 19, "Dt": [], "Ct": [], "arrived_time": 2, "deadline": 8}, "39": {"Lt": [0.32443240721666555, 0.4046667158783128], "Kt": [1], "budget": 68, "Dt": [], "Ct": [], "arrived_time": 2, "deadline": 8}, "40": {"Lt": [0.571858062994036, 0.2855486270361367], "Kt": [1], "budget": 66, "Dt": [], "Ct": [], "arrived_time": 2, "deadline": 8}, "41": {"Lt": [0.9535686353096151, 0.8114997383063959], "Kt": [1], "budget": 30, "Dt": [], "Ct": [], "arrived_time": 2, "deadline": 8}, "42": {"Lt": [0.39568541131961765, 0.3598050317015852], "Kt": [1], "budget": 49, "Dt": [], "Ct": [], "arrived_time": 2, "deadline": 8}, "43": {"Lt": [0.9427707114451769, 0.6564056456233464], "Kt": [1], "budget": 89, "Dt": [], "Ct": [], "arrived_time": 2, "deadline": 8}, "44": {"Lt": [0.9519140643589512, 0.4202103205304034], "Kt": [1], "budget": 57, "Dt": [], "Ct": [], "arrived_time": 2, "deadline": 8}, "45": {"Lt": [0.9978894628889077, 0.8311765102288797], "Kt": [1], "budget": 33, "Dt": [], "Ct": [], "arrived_time": 2, "deadline": 8}, "46": {"Lt": [0.08446224935201996, 0.4807178703877132], "Kt": [1], "budget": 72, "Dt": [], "Ct": [], "arrived_time": 2, "deadline": 8}, "47": {"Lt": [0.845513705877803, 0.05136886894394821], "Kt": [1], "budget": 29, "Dt": [], "Ct": [], "arrived_time": 2, "deadline": 8}, "48": {"Lt": [0.24835873809269104, 0.7380763467756694], "Kt": [1], "budget": 96, "Dt": [], "Ct": [], "arrived_time": 2, "deadline": 8}, "49": {"Lt": [0.23217148124761466, 0.0008583166373925533], "Kt": [1], "budget": 35, "Dt": [], "Ct": [], "arrived_time": 2, "deadline": 8}, "50": {"Lt": [0.07918649801221223, 0.2697491038338433], "Kt": [1], "budget": 77, "Dt": [], "Ct": [], "arrived_time": 2, "deadline": 8}, "51": {"Lt": [0.12969630519513198, 0.44188095204223243], "Kt": [1], "budget": 41, "Dt": [], "Ct": [], "arrived_time": 2, "deadline": 8}, "52": {"Lt": [0.052547961867323356, 0.9819415904797137], "Kt": [1], "budget": 84, "Dt": [], "Ct": [], "arrived_time": 2, "deadline": 8}, "53": {"Lt": [0.6865086911283717, 0.3949865946406652], "Kt": [1], "budget": 5, "Dt": [], "Ct": [], "arrived_time": 2, "deadline": 8}, "54": {"Lt": [0.5432692517413353, 0.3613155301596781], "Kt": [1], "budget": 91, "Dt": [], "Ct": [], "arrived_time": 2, "deadline": 8}, "55": {"Lt": [0.7307226961810793, 0.8889882930851204], "Kt": [1], "budget": 68, "Dt": [], "Ct": [], "arrived_time": 2, "deadline": 8}, "56": {"Lt": [0.3000466356629403, 0.47875325923443224], "Kt": [1], "budget": 92, "Dt": [], "Ct": [], "arrived_time": 2, "deadline": 8}, "57": {"Lt": [0.2793581488642456, 0.9255013985889735], "Kt": [1], "budget": 72, "Dt": [], "Ct": [], "arrived_time": 2, "deadline": 8}, "58": {"Lt": [0.9992627907485258, 0.7111386701682687], "Kt": [1], "budget": 75, "Dt": [], "Ct": [], "arrived_time": 2, "deadline": 8}, "59": {"Lt": [0.07531181982020152, 0.28299418273287325], "Kt": [1], "budget": 48, "Dt": [], "Ct": [], "arrived_time": 2, "deadline": 8},