{"1": {"Lw": [0.10907307948823619, 0.023152309078005473], "Kw": [1], "arrived_time": 1, "deadline": 7, "score": 36.80550320507618}, "2": {"Lw": [0.6002018737115364, 0.5364514275736983], "Kw": [1], "arrived_time": 1, "deadline": 7, "score": 65.45917137838269}, "3": {"Lw": [0.3753310541555609, 0.6357203497017078], "Kw": [1], "arrived_time": 1, "deadline": 7, "score": 48.90812597367326}, "4": {"Lw": [0.6841115431087891, 0.9933371694961719], "Kw": [1], "arrived_time": 1, "deadline": 7, "score": 86.95489576594606}, "5": {"Lw": [0.02264637633320976, 0.14600636217340868], "Kw": [1], "arrived_time": 1, "deadline": 7, "score": 49.78941473984191}, "6": {"Lw": [0.26397550940840664, 0.4182047712868492], "Kw": [1], "arrived_time": 2, "deadline": 8, "score": 30.96700718428851}, "7": {"Lw": [0.14789399567855566, 0.2533898898021695], "Kw": [1], "arrived_time": 2, "deadline": 8, "score": 62.557431879517054}, "8": {"Lw": [0.5321473503340488, 0.8353774940449481], "Kw": [1], "arrived_time": 2, "deadline": 8, "score": 71.5648809291354}, "9": {"Lw": [0.7870976015587805, 0.08922881886155798], "Kw": [1], "arrived_time": 2, "deadline": 8, "score": 68.03550429566073}, "10": {"Lw": [0.625928210763853, 0.8267651544278506], "Kw": [1], "arrived_time": 2, "deadline": 8, "score": 6.998309846047279}}